coachType,departure,destination,dptStation,arrStation,dptDateTime,dptTime,ticketLeft
座席高二级,宁波,南京,中心站站,南京,25:00.0,9:25,33
座席高二级,宁波,无锡,中心站站,无锡直,55:00.0,7:55,35
座席高二级,宁波,无锡,中心站站,无锡,05:00.0,9:05,30
座席高二级,宁波,无锡,中心站站,无锡直,10:00.0,11:10,37
座席高二级,宁波,无锡,中心站站,无锡直,35:00.0,13:35,33
座席高二级,宁波,无锡,中心站站,无锡直,20:00.0,16:20,38
座席高一级,宁波,徐州,中心站站,徐州,05:00.0,6:05,52
座席高一级,宁波,徐州,中心站站,徐州,20:00.0,8:20,51
座席高二级,宁波,常州,中心站站,常州直,40:00.0,8:40,35
座席高二级,宁波,常州,中心站站,常州直,05:00.0,14:05,35
座席高三级,宁波,苏州,中心站站,苏州,20:00.0,7:20,36
座席高三级,宁波,苏州,中心站站,苏州,30:00.0,8:30,37
座席高三级,宁波,苏州,中心站站,苏州,05:00.0,10:05,35
座席高三级,宁波,苏州,中心站站,苏州,15:00.0,11:15,37
座席高三级,宁波,苏州,中心站站,苏州,15:00.0,12:15,37
座席高三级,宁波,苏州,中心站站,苏州,25:00.0,13:25,37
座席高三级,宁波,苏州,中心站站,苏州,25:00.0,14:25,35
座席高三级,宁波,苏州,中心站站,苏州,40:00.0,15:40,37
座席高三级,宁波,苏州,中心站站,苏州,10:00.0,18:10,35
座席高二级,宁波,南通,中心站站,南通直,45:00.0,7:45,30
座席高二级,宁波,南通,中心站站,南通直,45:00.0,9:45,34
座席高一级,宁波,南通,中心站站,南通,00:00.0,11:00,40
座席高二级,宁波,南通,中心站站,南通直,50:00.0,13:50,31
座席高二级,宁波,南通,中心站站,南通直,50:00.0,15:50,34
座席高二级,宁波,淮安,中心站站,淮安,25:00.0,9:25,33
座席高一级,宁波,淮安,中心站站,淮安,35:00.0,9:35,49
座席高一级,宁波,淮安,中心站站,淮安,55:00.0,10:55,39
座席高一级,宁波,淮安,中心站站,淮安,30:00.0,15:30,35
座席高一级,宁波,盐城,中心站站,盐城,20:00.0,10:20,48
座席高一级,宁波,盐城,中心站站,盐城,30:00.0,11:30,46
座席高一级,宁波,扬州,中心站站,扬州直,50:00.0,8:50,34
座席高一级,宁波,扬州,中心站站,扬州直,00:00.0,11:00,32
座席高一级,宁波,扬州,中心站站,扬州直,55:00.0,15:55,35
座席中级,宁波,镇江,中心站站,镇江,05:00.0,9:05,33
座席高二级,宁波,镇江,中心站站,镇江,55:00.0,14:55,37
座席高一级,宁波,泰州,中心站站,泰州,45:00.0,10:45,43
座席高一级,宁波,宿迁,中心站站,宿迁,35:00.0,9:35,48
座席高二级,宁波,杭州,宁波南站,杭州,50:00.0,6:50,15
座席高二级,宁波,杭州,宁波南站,杭州,15:00.0,7:15,18
座席高二级,宁波,杭州,宁波南站,杭州,30:00.0,7:30,17
座席高二级,宁波,杭州,宁波南站,杭州,00:00.0,8:00,17
座席高二级,宁波,杭州,宁波南站,杭州,35:00.0,8:35,17
座席高二级,宁波,杭州,宁波南站,杭州,10:00.0,9:10,18
座席高二级,宁波,杭州,宁波南站,杭州,25:00.0,9:25,38
座席高二级,宁波,杭州,宁波南站,杭州,45:00.0,9:45,18
座席高二级,宁波,杭州,宁波南站,杭州,20:00.0,10:20,17
座席高二级,宁波,杭州,宁波南站,杭州,30:00.0,11:30,18
座席高二级,宁波,杭州,宁波南站,杭州,50:00.0,11:50,38
座席高二级,宁波,杭州,宁波南站,杭州,15:00.0,12:15,18
座席高二级,宁波,杭州,宁波南站,杭州,30:00.0,13:30,18
座席高二级,宁波,杭州,宁波南站,杭州,45:00.0,13:45,17
座席高二级,宁波,杭州,宁波南站,杭州,55:00.0,13:55,15
座席高二级,宁波,杭州,宁波南站,杭州,50:00.0,14:50,18
座席高二级,宁波,杭州,宁波南站,杭州,55:00.0,14:55,17
座席高二级,宁波,杭州,宁波南站,杭州,35:00.0,15:35,18
座席高二级,宁波,杭州,宁波南站,杭州,00:00.0,16:00,38
座席高二级,宁波,杭州,宁波南站,杭州,39:00.0,16:39,16
座席高二级,宁波,杭州,宁波南站,杭州,25:00.0,17:25,18
座席高二级,宁波,杭州,宁波南站,杭州,30:00.0,17:30,38
座席高二级,宁波,杭州,宁波南站,杭州,35:00.0,17:35,18
座席高二级,宁波,杭州,宁波南站,杭州,50:00.0,18:50,18
座席高二级,宁波,杭州,宁波南站,杭州,00:00.0,19:00,38
座席高二级,宁波,杭州,宁波南站,杭州南,50:00.0,6:50,0
座席高二级,宁波,杭州,宁波南站,杭州中,15:00.0,7:15,0
座席高二级,宁波,杭州,宁波南站,杭州北,30:00.0,7:30,0
座席高二级,宁波,杭州,宁波南站,杭州南,00:00.0,8:00,0
座席高二级,宁波,杭州,宁波南站,杭州中,35:00.0,8:35,0
座席高二级,宁波,杭州,宁波南站,杭州北,10:00.0,9:10,0
座席高二级,宁波,杭州,宁波南站,杭州南,25:00.0,9:25,0
座席高二级,宁波,杭州,宁波南站,杭州中,45:00.0,9:45,0
座席高二级,宁波,杭州,宁波南站,杭州北,20:00.0,10:20,0
座席高二级,宁波,杭州,宁波南站,杭州北,30:00.0,11:30,0
座席高二级,宁波,杭州,宁波南站,杭州南,50:00.0,11:50,0
座席高二级,宁波,杭州,宁波南站,杭州中,15:00.0,12:15,0
座席高二级,宁波,杭州,宁波南站,杭州北,30:00.0,13:30,0
座席高二级,宁波,杭州,宁波南站,杭州南,45:00.0,13:45,0
座席高二级,宁波,杭州,宁波南站,杭州中,55:00.0,13:55,0
座席高二级,宁波,杭州,宁波南站,杭州南,50:00.0,14:50,0
座席高二级,宁波,杭州,宁波南站,杭州北,55:00.0,14:55,0
座席高二级,宁波,杭州,宁波南站,杭州中,35:00.0,15:35,0
座席高二级,宁波,杭州,宁波南站,杭州南,00:00.0,16:00,0
座席高二级,宁波,杭州,宁波南站,杭州北,39:00.0,16:39,0
座席高二级,宁波,杭州,宁波南站,杭州中,25:00.0,17:25,0
座席高二级,宁波,杭州,宁波南站,杭州南,30:00.0,17:30,0
座席高二级,宁波,杭州,宁波南站,杭州北,35:00.0,17:35,0
座席高二级,宁波,杭州,宁波南站,杭州中,50:00.0,18:50,0
座席高二级,宁波,杭州,宁波南站,杭州南,00:00.0,19:00,0
座席高二级,宁波,温州,中心站站,温州快,15:00.0,9:15,8
座席高一级,宁波,温州,中心站站,温州,40:00.0,9:40,38
座席高二级,宁波,金华,中心站站,金华快,05:00.0,7:05,37
座席高二级,宁波,金华,中心站站,金华快,00:00.0,8:00,33
座席高二级,宁波,金华,中心站站,金华快,55:00.0,8:55,35
座席高一级,宁波,金华,中心站站,金华,30:00.0,9:30,30
座席高二级,宁波,金华,中心站站,金华快,55:00.0,9:55,38
座席高二级,宁波,金华,中心站站,金华快,30:00.0,11:30,37
座席高二级,宁波,金华,中心站站,金华快,00:00.0,13:00,36
座席高二级,宁波,金华,中心站站,金华快,00:00.0,14:00,35
座席高一级,宁波,金华,中心站站,金华,35:00.0,14:35,36
座席高二级,宁波,金华,中心站站,金华快,00:00.0,15:00,38
座席高二级,宁波,金华,中心站站,金华快,00:00.0,16:00,35
座席高二级,宁波,金华,中心站站,金华快,10:00.0,17:10,37
座席高一级,宁波,衢州,中心站站,衢州,35:00.0,7:35,48
座席高一级,宁波,衢州,中心站站,衢州快,55:00.0,7:55,15
座席高一级,宁波,衢州,中心站站,衢州快,10:00.0,9:10,15
座席高一级,宁波,衢州,中心站站,衢州,30:00.0,9:30,30
座席高一级,宁波,衢州,中心站站,衢州快,55:00.0,10:55,37
座席高一级,宁波,衢州,中心站站,衢州快,55:00.0,12:55,37
座席高一级,宁波,衢州,中心站站,衢州快,20:00.0,14:20,16
座席高一级,宁波,衢州,中心站站,衢州,35:00.0,14:35,36
座席高一级,宁波,衢州,中心站站,衢州快,10:00.0,16:10,18
座席高一级,宁波,丽水,中心站站,丽水,15:00.0,7:15,31
座席高二级,宁波,丽水,中心站站,丽水快,20:00.0,8:20,17
座席高一级,宁波,丽水,中心站站,丽水,00:00.0,9:00,38
座席高二级,宁波,丽水,中心站站,丽水快,45:00.0,10:45,18
座席高二级,宁波,丽水,中心站站,丽水快,35:00.0,13:35,18
座席高一级,宁波,丽水,中心站站,丽水,00:00.0,14:00,32
座席高二级,宁波,丽水,中心站站,丽水快,55:00.0,14:55,13
座席高二级,宁波,丽水,中心站站,丽水快,50:00.0,16:50,13
座席高一级,宁波,合肥,中心站站,合肥,20:00.0,6:20,50
座席高一级,宁波,合肥,中心站站,合肥,00:00.0,11:00,50
座席高一级,宁波,芜湖,中心站站,芜湖,55:00.0,7:55,46
座席高一级,宁波,滁州,中心站站,滁州,55:00.0,6:55,50
座席高一级,宁波,铜陵,中心站站,铜陵,45:00.0,7:45,46
座席高一级,宁波,安庆,中心站站,安庆,10:00.0,8:10,51
座席高一级,宁波,安庆,中心站站,安庆,45:00.0,8:45,53
座席高一级,宁波,安庆,宁波东站,安庆,05:00.0,9:05,49
座席高一级,宁波,安庆,中心站站,安庆,35:00.0,9:35,49
座席高一级,宁波,安庆,中心站站,安庆,05:00.0,13:05,47
座席高一级,宁波,宣城,中心站站,宣城,30:00.0,7:30,49
座席高一级,宁波,宣城,中心站站,宣城,50:00.0,7:50,49
座席高一级,宁波,宣城,宁波东站,宣城,05:00.0,9:05,49
座席高一级,宁波,宣城,中心站站,宣城,35:00.0,9:35,49
大高一,温州,南京,温州汽车南站,南京,00:00.0,21:00,31
大高二,温州,无锡,温州牛山客运中心,无锡,00:00.0,11:00,23
大高二,温州,无锡,温州汽车南站,无锡,30:00.0,11:30,22
大高一,温州,无锡,温州汽车南站,无锡,00:00.0,21:00,31
大高二,温州,徐州,温州双屿客运中心,徐州,00:00.0,7:00,17
大高二,温州,徐州,温州牛山客运中心,徐州,50:00.0,7:50,16
大高一,温州,常州,温州汽车南站,常州,00:00.0,21:00,31
大高二,温州,苏州,温州牛山客运中心,苏州,30:00.0,10:30,25
大高二,温州,苏州,温州牛山客运中心,苏州,00:00.0,11:00,23
大高二,温州,苏州,温州双屿客运中心,苏州,10:00.0,11:10,25
大高二,温州,苏州,温州汽车南站,苏州,30:00.0,11:30,22
大高一,温州,苏州,温州汽车南站,苏州,00:00.0,21:00,31
大高二,温州,南通,温州牛山客运中心,南通,00:00.0,10:00,21
大高一,温州,盐城,温州牛山客运中心,盐城,00:00.0,17:00,34
大高一,温州,扬州,温州牛山客运中心,扬州,05:00.0,11:05,25
大高二,温州,泰州,温州牛山客运中心,泰州,00:00.0,11:00,23
大高二,温州,泰州,温州汽车南站,泰州,30:00.0,11:30,22
大高一,温州,宿迁,温州牛山客运中心,宿迁,30:00.0,7:30,33
中高一,温州,杭州,温州双屿客运中心,杭州下沙,50:00.0,15:50,8
大高三,温州,杭州,温州汽车南站,杭州,30:00.0,16:30,18
中高二,温州,宁波,温州汽车南站,宁波,05:00.0,14:05,18
大高二,温州,嘉兴,温州牛山客运中心,嘉兴,00:00.0,11:00,23
大高二,温州,嘉兴,温州汽车南站,嘉兴,30:00.0,11:30,22
大高一,温州,嘉兴,温州汽车南站,嘉兴,00:00.0,21:00,31
大高二,温州,金华,温州双屿客运中心,金华,50:00.0,8:50,36
大高三,温州,金华,温州双屿客运中心,金华,30:00.0,13:30,37
大高二,温州,衢州,温州双屿客运中心,衢州,40:00.0,8:40,34
中高一,温州,衢州,温州双屿客运中心,衢州,50:00.0,12:50,16
大高二,温州,衢州,温州双屿客运中心,衢州,40:00.0,8:40,0
大高二,温州,衢州,温州双屿客运中心,衢州,40:00.0,8:40,0
大高二,温州,衢州,温州双屿客运中心,衢州,40:00.0,8:40,0
中高一,温州,衢州,温州双屿客运中心,衢州,50:00.0,12:50,0
中高一,温州,衢州,温州双屿客运中心,衢州,50:00.0,12:50,0
中高一,温州,衢州,温州双屿客运中心,衢州,50:00.0,12:50,0
中高一,温州,丽水,温州双屿客运中心,丽水,20:00.0,8:20,17
中高一,温州,丽水,温州双屿客运中心,丽水,30:00.0,10:30,18
中高一,温州,丽水,温州双屿客运中心,丽水,05:00.0,13:05,18
中高一,温州,丽水,温州双屿客运中心,丽水,30:00.0,15:30,18
大高一,温州,合肥,温州双屿客运中心,合肥,20:00.0,12:20,35
大高一,温州,合肥,温州双屿客运中心,合肥,20:00.0,12:20,0
大高一,温州,合肥,温州双屿客运中心,合肥,20:00.0,12:20,0
大高一,温州,合肥,温州双屿客运中心,合肥,20:00.0,12:20,0
大高二,温州,铜陵,温州双屿客运中心,铜陵,20:00.0,12:20,36
大高一,温州,安庆,温州双屿客运中心,安庆,00:00.0,9:00,46
大高一,温州,安庆,温州双屿客运中心,安庆,50:00.0,13:50,45
大高二,温州,宣城,温州双屿客运中心,宣城,20:00.0,7:20,50
大高一,温州,宣城,温州双屿客运中心,宣城,30:00.0,7:30,46
大高二,温州,宣城,温州双屿客运中心,宣城,20:00.0,7:20,0
大高二,温州,宣城,温州双屿客运中心,宣城,20:00.0,7:20,0
大高二,温州,宣城,温州双屿客运中心,宣城,20:00.0,7:20,0
大高一,温州,宣城,温州双屿客运中心,宣城,30:00.0,7:30,0
大高一,温州,宣城,温州双屿客运中心,宣城,30:00.0,7:30,0
大高一,温州,宣城,温州双屿客运中心,宣城,30:00.0,7:30,0
快客,绍兴,上海,中心站,上海南站,20:00.0,6:20,15
中高一,绍兴,上海,绍兴客运中心,上海南站,20:00.0,6:20,15
快客,绍兴,上海,中心站,上海南站,20:00.0,7:20,17
快客,绍兴,上海,中心站,上海总站,20:00.0,7:20,17
中高一,绍兴,上海,绍兴客运中心,上海南站,20:00.0,7:20,17
中高一,绍兴,上海,绍兴客运中心,上海总站,20:00.0,7:20,17
快客,绍兴,上海,中心站,上海南站,25:00.0,8:25,38
大高三,绍兴,上海,绍兴客运中心,上海南站,25:00.0,8:25,38
快速,绍兴,上海,中心站,上海南站,00:00.0,9:00,12
快速,绍兴,上海,中心站,上海(沪太路),00:00.0,9:00,12
中高一,绍兴,上海,绍兴客运中心,上海(沪太路),00:00.0,9:00,12
中高一,绍兴,上海,绍兴客运中心,上海南站,00:00.0,9:00,12
快客,绍兴,上海,中心站,上海南站,30:00.0,9:30,18
中高一,绍兴,上海,绍兴客运中心,上海南站,30:00.0,9:30,18
快客,绍兴,上海,中心站,上海南站,00:00.0,11:00,12
快客,绍兴,上海,中心站,上海总站,00:00.0,11:00,12
中高一,绍兴,上海,绍兴客运中心,上海南站,00:00.0,11:00,12
中高一,绍兴,上海,绍兴客运中心,上海总站,00:00.0,11:00,12
快速,绍兴,上海,中心站,上海南站,55:00.0,12:55,33
快速,绍兴,上海,中心站,上海(沪太路),55:00.0,12:55,33
大高一,绍兴,上海,绍兴客运中心,上海(沪太路),55:00.0,12:55,33
大高一,绍兴,上海,绍兴客运中心,上海南站,55:00.0,12:55,33
快客,绍兴,上海,中心站,上海南站,35:00.0,13:35,7
中高一,绍兴,上海,绍兴客运中心,上海南站,35:00.0,13:35,7
快客,绍兴,上海,中心站,上海南站,05:00.0,15:05,21
快客,绍兴,上海,中心站,上海总站,05:00.0,15:05,21
中高一,绍兴,上海,绍兴客运中心,上海南站,05:00.0,15:05,21
中高一,绍兴,上海,绍兴客运中心,上海总站,05:00.0,15:05,21
快客,绍兴,上海,中心站,上海南站,05:00.0,16:05,18
中高一,绍兴,上海,绍兴客运中心,上海南站,05:00.0,16:05,18
快客,绍兴,上海,中心站,上海南站,05:00.0,17:05,37
大高三,绍兴,上海,绍兴客运中心,上海南站,05:00.0,17:05,37
快客,绍兴,上海,中心站,上海南站,10:00.0,19:10,16
快客,绍兴,上海,中心站,上海总站,10:00.0,19:10,16
中高一,绍兴,上海,绍兴客运中心,上海南站,10:00.0,19:10,16
中高一,绍兴,上海,绍兴客运中心,上海总站,10:00.0,19:10,16
快客,绍兴,上海,中心站,上海南站,00:00.0,10:00,0
大高三,绍兴,上海,绍兴客运中心,上海南站,00:00.0,10:00,0
高速,绍兴,南京,中心站,南京扬州转,40:00.0,8:40,18
大高二,绍兴,南京,绍兴客运中心,南京扬州转,40:00.0,8:40,18
高速,绍兴,无锡,中心站,无锡,00:00.0,9:00,23
大高三,绍兴,无锡,绍兴客运中心,无锡,00:00.0,9:00,23
快客,绍兴,无锡,中心站,无锡,20:00.0,14:20,19
大高二,绍兴,无锡,绍兴客运中心,无锡,20:00.0,14:20,19
普客,绍兴,徐州,中心站,徐州,30:00.0,13:30,52
大高一,绍兴,徐州,绍兴客运中心,徐州,30:00.0,13:30,52
高速,绍兴,常州,中心站,常州,00:00.0,9:00,23
大高三,绍兴,常州,绍兴客运中心,常州,00:00.0,9:00,23
快线,绍兴,常州,中心站,常州,20:00.0,15:20,17
大高一,绍兴,常州,绍兴客运中心,常州,20:00.0,15:20,17
快客,绍兴,苏州,中心站,苏州,25:00.0,7:25,34
中高一,绍兴,苏州,绍兴客运中心,苏州,25:00.0,7:25,34
快客,绍兴,苏州,中心站,苏州,15:00.0,9:15,24
大高三,绍兴,苏州,绍兴客运中心,苏州,15:00.0,9:15,24
快客,绍兴,苏州,中心站,苏州,10:00.0,12:10,38
中高一,绍兴,苏州,绍兴客运中心,苏州,10:00.0,12:10,38
快客,绍兴,苏州,中心站,苏州,10:00.0,15:10,28
中高一,绍兴,苏州,绍兴客运中心,苏州,10:00.0,15:10,28
大高一,绍兴,南通,绍兴客运中心,南通,45:00.0,7:45,12
普客,绍兴,南通,中心站,南通,45:00.0,7:45,12
大高一,绍兴,南通,绍兴客运中心,南通,10:00.0,9:10,20
普客,绍兴,南通,中心站,南通,10:00.0,9:10,20
大高一,绍兴,南通,绍兴客运中心,南通,15:00.0,14:15,24
普客,绍兴,南通,中心站,南通,15:00.0,14:15,25
大高一,绍兴,淮安,绍兴客运中心,淮安,35:00.0,6:35,44
普客,绍兴,淮安,中心站,淮安,35:00.0,6:35,44
普客,绍兴,盐城,中心站,盐城,30:00.0,16:30,17
大高一,绍兴,盐城,绍兴客运中心,盐城,30:00.0,16:30,17
高速,绍兴,扬州,中心站,扬州,40:00.0,8:40,18
高速,绍兴,扬州,中心站,高邮扬州转,40:00.0,8:40,18
高速,绍兴,扬州,中心站,宝应扬州转,40:00.0,8:40,18
高速,绍兴,扬州,中心站,六合扬州转,40:00.0,8:40,18
高速,绍兴,扬州,中心站,南京扬州转,40:00.0,8:40,18
高速,绍兴,扬州,中心站,金湖扬州转,40:00.0,8:40,18
高速,绍兴,扬州,中心站,盱眙扬州转,40:00.0,8:40,18
高速,绍兴,扬州,中心站,滁州扬州转,40:00.0,8:40,18
高速,绍兴,扬州,中心站,洪泽扬州转,40:00.0,8:40,18
大高二,绍兴,扬州,绍兴客运中心,扬州,40:00.0,8:40,18
大高二,绍兴,扬州,绍兴客运中心,高邮扬州转,40:00.0,8:40,0
大高二,绍兴,扬州,绍兴客运中心,宝应扬州转,40:00.0,8:40,0
大高二,绍兴,扬州,绍兴客运中心,六合扬州转,40:00.0,8:40,0
大高二,绍兴,扬州,绍兴客运中心,南京扬州转,40:00.0,8:40,0
大高二,绍兴,扬州,绍兴客运中心,金湖扬州转,40:00.0,8:40,0
大高二,绍兴,扬州,绍兴客运中心,盱眙扬州转,40:00.0,8:40,0
大高二,绍兴,扬州,绍兴客运中心,滁州扬州转,40:00.0,8:40,0
大高二,绍兴,扬州,绍兴客运中心,洪泽扬州转,40:00.0,8:40,0
高速,绍兴,镇江,中心站,镇江,40:00.0,8:40,18
大高二,绍兴,镇江,绍兴客运中心,镇江,40:00.0,8:40,18
快客,绍兴,杭州,中心站,杭州南站,20:00.0,6:20,27
高速,绍兴,杭州,绍兴客运中心,杭州南站,20:00.0,6:20,27
快客,绍兴,杭州,中心站,杭州九堡,35:00.0,6:35,34
高速,绍兴,杭州,绍兴客运中心,杭州九堡,35:00.0,6:35,34
快客,绍兴,杭州,中心站,杭州南站,40:00.0,6:40,35
高速,绍兴,杭州,绍兴客运中心,杭州南站,40:00.0,6:40,35
快客,绍兴,杭州,中心站,杭州九堡,05:00.0,7:05,37
高速,绍兴,杭州,绍兴客运中心,杭州九堡,05:00.0,7:05,37
快客,绍兴,杭州,中心站,杭州南站,15:00.0,7:15,32
高速,绍兴,杭州,绍兴客运中心,杭州南站,15:00.0,7:15,32
高速,绍兴,杭州,中心站,杭州北站,30:00.0,7:30,25
高速,绍兴,杭州,绍兴客运中心,杭州北站,30:00.0,7:30,25
快客,绍兴,杭州,中心站,杭州九堡,35:00.0,7:35,38
高速,绍兴,杭州,绍兴客运中心,杭州九堡,35:00.0,7:35,38
快客,绍兴,杭州,中心站,杭州南站,50:00.0,7:50,34
高速,绍兴,杭州,绍兴客运中心,杭州南站,50:00.0,7:50,34
快客,绍兴,杭州,中心站,杭州九堡,05:00.0,8:05,37
高速,绍兴,杭州,绍兴客运中心,杭州九堡,05:00.0,8:05,37
快客,绍兴,杭州,中心站,杭州南站,30:00.0,8:30,38
高速,绍兴,杭州,绍兴客运中心,杭州南站,30:00.0,8:30,38
快客,绍兴,杭州,中心站,杭州南站,45:00.0,8:45,38
高速,绍兴,杭州,绍兴客运中心,杭州南站,45:00.0,8:45,38
快客,绍兴,杭州,中心站,杭州九堡,47:00.0,8:47,34
高速,绍兴,杭州,绍兴客运中心,杭州九堡,47:00.0,8:47,34
快客,绍兴,杭州,中心站,杭州南站,00:00.0,9:00,36
高速,绍兴,杭州,绍兴客运中心,杭州南站,00:00.0,9:00,36
高速,绍兴,杭州,中心站,杭州北站,15:00.0,9:15,35
高速,绍兴,杭州,绍兴客运中心,杭州北站,15:00.0,9:15,35
快客,绍兴,杭州,中心站,杭州九堡,22:00.0,9:22,18
高速,绍兴,杭州,绍兴客运中心,杭州九堡,22:00.0,9:22,18
快客,绍兴,杭州,中心站,杭州南站,30:00.0,9:30,38
高速,绍兴,杭州,绍兴客运中心,杭州南站,30:00.0,9:30,38
快客,绍兴,杭州,中心站,杭州九堡,47:00.0,9:47,36
高速,绍兴,杭州,绍兴客运中心,杭州九堡,47:00.0,9:47,36
快客,绍兴,杭州,中心站,杭州南站,10:00.0,10:10,36
高速,绍兴,杭州,中心站,杭州北站,10:00.0,10:10,38
高速,绍兴,杭州,绍兴客运中心,杭州北站,10:00.0,10:10,38
高速,绍兴,杭州,绍兴客运中心,杭州南站,10:00.0,10:10,36
普客,绍兴,杭州,中心站,杭州西,15:00.0,10:15,36
大高一,绍兴,杭州,绍兴客运中心,杭州西,15:00.0,10:15,36
快客,绍兴,杭州,中心站,杭州南站,25:00.0,10:25,38
高速,绍兴,杭州,绍兴客运中心,杭州南站,25:00.0,10:25,38
快客,绍兴,杭州,中心站,杭州九堡,35:00.0,10:35,38
高速,绍兴,杭州,绍兴客运中心,杭州九堡,35:00.0,10:35,38
快客,绍兴,杭州,中心站,杭州九堡,02:00.0,11:02,36
高速,绍兴,杭州,绍兴客运中心,杭州九堡,02:00.0,11:02,36
快客,绍兴,杭州,中心站,杭州南站,10:00.0,11:10,38
高速,绍兴,杭州,绍兴客运中心,杭州南站,10:00.0,11:10,38
快客,绍兴,杭州,中心站,杭州九堡,25:00.0,11:25,35
高速,绍兴,杭州,绍兴客运中心,杭州九堡,25:00.0,11:25,35
高速,绍兴,杭州,中心站,杭州北站,30:00.0,11:30,31
高速,绍兴,杭州,绍兴客运中心,杭州北站,30:00.0,11:30,31
快客,绍兴,杭州,中心站,杭州南站,40:00.0,11:40,36
高速,绍兴,杭州,绍兴客运中心,杭州南站,40:00.0,11:40,36
快客,绍兴,杭州,中心站,杭州九堡,50:00.0,11:50,38
高速,绍兴,杭州,绍兴客运中心,杭州九堡,50:00.0,11:50,38
快客,绍兴,杭州,中心站,杭州南站,00:00.0,12:00,38
高速,绍兴,杭州,绍兴客运中心,杭州南站,00:00.0,12:00,38
快客,绍兴,杭州,中心站,杭州南站,15:00.0,12:15,37
高速,绍兴,杭州,绍兴客运中心,杭州南站,15:00.0,12:15,37
快客,绍兴,杭州,中心站,杭州九堡,17:00.0,12:17,38
高速,绍兴,杭州,绍兴客运中心,杭州九堡,17:00.0,12:17,38
快客,绍兴,杭州,中心站,杭州南站,30:00.0,12:30,36
高速,绍兴,杭州,绍兴客运中心,杭州南站,30:00.0,12:30,36
快客,绍兴,杭州,中心站,杭州九堡,40:00.0,12:40,17
高速,绍兴,杭州,绍兴客运中心,杭州九堡,40:00.0,12:40,17
高速,绍兴,杭州,中心站,杭州北站,55:00.0,12:55,38
高速,绍兴,杭州,绍兴客运中心,杭州北站,55:00.0,12:55,38
快客,绍兴,杭州,中心站,杭州南站,00:00.0,13:00,38
高速,绍兴,杭州,绍兴客运中心,杭州南站,00:00.0,13:00,38
快客,绍兴,杭州,中心站,杭州九堡,05:00.0,13:05,38
高速,绍兴,杭州,绍兴客运中心,杭州九堡,05:00.0,13:05,38
快客,绍兴,杭州,中心站,杭州南站,40:00.0,13:40,37
高速,绍兴,杭州,绍兴客运中心,杭州南站,40:00.0,13:40,37
快客,绍兴,杭州,中心站,杭州九堡,50:00.0,13:50,37
高速,绍兴,杭州,绍兴客运中心,杭州九堡,50:00.0,13:50,37
高速,绍兴,杭州,中心站,杭州北站,55:00.0,13:55,31
高速,绍兴,杭州,绍兴客运中心,杭州北站,55:00.0,13:55,31
快客,绍兴,杭州,中心站,杭州南站,00:00.0,14:00,38
高速,绍兴,杭州,绍兴客运中心,杭州南站,00:00.0,14:00,38
快客,绍兴,杭州,中心站,杭州九堡,10:00.0,14:10,37
高速,绍兴,杭州,绍兴客运中心,杭州九堡,10:00.0,14:10,37
快客,绍兴,杭州,中心站,杭州九堡,32:00.0,14:32,37
高速,绍兴,杭州,绍兴客运中心,杭州九堡,32:00.0,14:32,37
快客,绍兴,杭州,中心站,杭州南站,40:00.0,14:40,38
高速,绍兴,杭州,绍兴客运中心,杭州南站,40:00.0,14:40,38
快客,绍兴,杭州,中心站,杭州九堡,50:00.0,14:50,37
高速,绍兴,杭州,绍兴客运中心,杭州九堡,50:00.0,14:50,37
普客,绍兴,杭州,中心站,杭州西,00:00.0,15:00,36
大高一,绍兴,杭州,绍兴客运中心,杭州西,00:00.0,15:00,36
快客,绍兴,杭州,中心站,杭州南站,05:00.0,15:05,38
高速,绍兴,杭州,绍兴客运中心,杭州南站,05:00.0,15:05,38
快客,绍兴,杭州,中心站,杭州九堡,10:00.0,15:10,36
高速,绍兴,杭州,绍兴客运中心,杭州九堡,10:00.0,15:10,36
快客,绍兴,杭州,中心站,杭州南站,25:00.0,15:25,38
高速,绍兴,杭州,绍兴客运中心,杭州南站,25:00.0,15:25,38
快客,绍兴,杭州,中心站,杭州九堡,30:00.0,15:30,18
高速,绍兴,杭州,绍兴客运中心,杭州九堡,30:00.0,15:30,18
高速,绍兴,杭州,中心站,杭州北站,35:00.0,15:35,28
高速,绍兴,杭州,绍兴客运中心,杭州北站,35:00.0,15:35,31
快客,绍兴,杭州,中心站,杭州南站,45:00.0,15:45,38
高速,绍兴,杭州,绍兴客运中心,杭州南站,45:00.0,15:45,38
快客,绍兴,杭州,中心站,杭州九堡,50:00.0,15:50,37
高速,绍兴,杭州,绍兴客运中心,杭州九堡,50:00.0,15:50,37
快客,绍兴,杭州,中心站,杭州南站,00:00.0,16:00,36
高速,绍兴,杭州,绍兴客运中心,杭州南站,00:00.0,16:00,36
快客,绍兴,杭州,中心站,杭州南站,30:00.0,16:30,38
高速,绍兴,杭州,绍兴客运中心,杭州南站,30:00.0,16:30,38
快客,绍兴,杭州,中心站,杭州九堡,40:00.0,16:40,37
高速,绍兴,杭州,绍兴客运中心,杭州九堡,40:00.0,16:40,37
高速,绍兴,杭州,中心站,杭州北站,50:00.0,16:50,38
高速,绍兴,杭州,绍兴客运中心,杭州北站,50:00.0,16:50,38
快客,绍兴,杭州,中心站,杭州南站,05:00.0,17:05,38
高速,绍兴,杭州,绍兴客运中心,杭州南站,05:00.0,17:05,38
快客,绍兴,杭州,中心站,杭州九堡,30:00.0,17:30,37
高速,绍兴,杭州,绍兴客运中心,杭州九堡,30:00.0,17:30,37
高速,绍兴,杭州,中心站,杭州北站,50:00.0,17:50,38
高速,绍兴,杭州,绍兴客运中心,杭州北站,50:00.0,17:50,38
快客,绍兴,杭州,中心站,杭州南站,10:00.0,18:10,38
高速,绍兴,杭州,绍兴客运中心,杭州南站,10:00.0,18:10,38
快客,绍兴,杭州,中心站,杭州九堡,25:00.0,18:25,38
高速,绍兴,杭州,绍兴客运中心,杭州九堡,25:00.0,18:25,38
快客,绍兴,杭州,中心站,杭州南站,40:00.0,18:40,36
高速,绍兴,杭州,绍兴客运中心,杭州南站,40:00.0,18:40,36
快客,绍兴,杭州,中心站,杭州九堡,15:00.0,19:15,37
高速,绍兴,杭州,绍兴客运中心,杭州九堡,15:00.0,19:15,37
快客,绍兴,杭州,中心站,杭州南站,20:00.0,19:20,35
高速,绍兴,杭州,绍兴客运中心,杭州南站,20:00.0,19:20,35
快客,绍兴,杭州,中心站,杭州九堡,35:00.0,19:35,38
高速,绍兴,杭州,绍兴客运中心,杭州九堡,35:00.0,19:35,38
快客,绍兴,杭州,中心站,杭州南站,42:00.0,19:42,37
高速,绍兴,杭州,绍兴客运中心,杭州南站,42:00.0,19:42,37
快客,绍兴,杭州,中心站,杭州南站,00:00.0,7:00,0
高速,绍兴,杭州,绍兴客运中心,杭州南站,00:00.0,7:00,0
快客,绍兴,杭州,中心站,杭州南站,20:00.0,7:20,0
高速,绍兴,杭州,绍兴客运中心,杭州南站,20:00.0,7:20,0
普客,绍兴,温州,中心站,温州,35:00.0,11:35,19
大高一,绍兴,温州,绍兴客运中心,温州,35:00.0,11:35,19
快线,绍兴,湖州,中心站,湖州,30:00.0,8:30,23
大高一,绍兴,湖州,绍兴客运中心,湖州,30:00.0,8:30,23
快线,绍兴,湖州,中心站,湖州,30:00.0,14:30,0
中高一,绍兴,湖州,绍兴客运中心,湖州,30:00.0,14:30,0
快客,绍兴,嘉兴,中心站,嘉兴,25:00.0,7:25,34
中高一,绍兴,嘉兴,绍兴客运中心,嘉兴,25:00.0,7:25,34
快客,绍兴,嘉兴,中心站,嘉兴,30:00.0,10:30,27
中中二,绍兴,嘉兴,绍兴客运中心,嘉兴,30:00.0,10:30,27
快客,绍兴,嘉兴,中心站,嘉兴,10:00.0,13:10,13
中高二,绍兴,嘉兴,绍兴客运中心,嘉兴,10:00.0,13:10,13
快客,绍兴,嘉兴,中心站,嘉兴,10:00.0,16:10,28
中中二,绍兴,嘉兴,绍兴客运中心,嘉兴,10:00.0,16:10,28
快客,绍兴,金华,西站,金华,50:00.0,8:50,35
大高三,绍兴,金华,绍兴汽车西站,金华,50:00.0,8:50,35
快客,绍兴,金华,西站,金华,25:00.0,11:25,34
中高二,绍兴,金华,绍兴汽车西站,金华,25:00.0,11:25,34
快客,绍兴,金华,西站,金华,20:00.0,14:20,33
大高三,绍兴,金华,绍兴汽车西站,金华,20:00.0,14:20,33
快客,绍兴,金华,西站,金华,50:00.0,16:50,33
中高二,绍兴,金华,绍兴汽车西站,金华,50:00.0,16:50,33
高速,绍兴,衢州,西站,衢州,20:00.0,8:20,37
大高一,绍兴,衢州,绍兴汽车西站,衢州,20:00.0,8:20,37
高速,绍兴,衢州,中心站,衢州,35:00.0,13:35,31
大高一,绍兴,衢州,绍兴客运中心,衢州,35:00.0,13:35,31
高速,绍兴,衢州,西站,衢州,00:00.0,14:00,31
大高一,绍兴,衢州,绍兴汽车西站,衢州,00:00.0,14:00,31
快客,绍兴,丽水,西站,丽水,40:00.0,8:40,35
大高二,绍兴,丽水,绍兴汽车西站,丽水,40:00.0,8:40,35
快客,绍兴,丽水,西站,丽水,10:00.0,14:10,16
大高二,绍兴,丽水,绍兴汽车西站,丽水,10:00.0,14:10,16
普客,绍兴,合肥,中心站,合肥广德转,05:00.0,8:05,20
中高一,绍兴,合肥,绍兴客运中心,合肥广德转,05:00.0,8:05,20
普客,绍兴,芜湖,中心站,芜湖广德转,05:00.0,8:05,20
中高一,绍兴,芜湖,绍兴客运中心,芜湖广德转,05:00.0,8:05,20
高速,绍兴,滁州,中心站,滁州扬州转,40:00.0,8:40,18
大高二,绍兴,滁州,绍兴客运中心,滁州扬州转,40:00.0,8:40,18
普客,绍兴,铜陵,中心站,铜陵,15:00.0,13:15,28
中高一,绍兴,铜陵,绍兴客运中心,铜陵,15:00.0,13:15,28
普客,绍兴,安庆,中心站,安庆,20:00.0,7:20,33
大高一,绍兴,安庆,绍兴客运中心,安庆,20:00.0,7:20,33
普客,绍兴,宣城,中心站,宣城,15:00.0,13:15,28
中高一,绍兴,宣城,绍兴客运中心,宣城,15:00.0,13:15,28
普客,绍兴,宣城,中心站,宣城广德转,05:00.0,8:05,0
中高一,绍兴,宣城,绍兴客运中心,宣城广德转,05:00.0,8:05,0
大高一,湖州,上海,湖州客运东站,上海东站,20:00.0,6:20,43
大高一,湖州,上海,湖州客运东站,上海南,20:00.0,6:20,43
大高一,湖州,上海,湖州客运东站,上海沪太,40:00.0,6:40,38
大高一,湖州,上海,湖州客运东站,上海虹桥,40:00.0,6:40,38
大高一,湖州,上海,湖州客运东站,上海新,50:00.0,6:50,46
大高一,湖州,上海,湖州客运东站,上海南,10:00.0,7:10,43
大高一,湖州,上海,湖州客运东站,上海虹桥,20:00.0,7:20,34
大高一,湖州,上海,湖州客运东站,上海南,50:00.0,7:50,37
大高一,湖州,上海,湖州客运东站,上海新,10:00.0,8:10,30
大高一,湖州,上海,湖州客运东站,上海虹桥,55:00.0,8:55,43
大高一,湖州,上海,湖州客运东站,上海新,10:00.0,9:10,44
大高一,湖州,上海,湖州客运东站,上海南,20:00.0,9:20,50
大高一,湖州,上海,湖州客运东站,上海新,55:00.0,9:55,49
大高一,湖州,上海,湖州客运东站,上海南直快,20:00.0,10:20,37
大高一,湖州,上海,湖州客运东站,上海虹桥快,40:00.0,10:40,34
大高一,湖州,上海,湖州客运东站,上海新,00:00.0,11:00,49
大高一,湖州,上海,湖州客运东站,上海沪太,15:00.0,11:15,32
大高一,湖州,上海,湖州客运东站,上海虹桥,15:00.0,11:15,32
大高一,湖州,上海,湖州客运东站,上海南,20:00.0,11:20,37
大高一,湖州,上海,湖州客运东站,上海新,40:00.0,11:40,48
大高一,湖州,上海,湖州客运东站,上海南直快,55:00.0,11:55,47
大高一,湖州,上海,湖州客运东站,上海虹桥,10:00.0,12:10,40
大高一,湖州,上海,湖州客运东站,上海南,30:00.0,12:30,51
大高一,湖州,上海,湖州客运东站,上海新,40:00.0,12:40,47
大高一,湖州,上海,湖州客运东站,上海东站,00:00.0,13:00,43
大高一,湖州,上海,湖州客运东站,上海南,00:00.0,13:00,43
大高一,湖州,上海,湖州客运东站,上海南直快,20:00.0,13:20,39
大高一,湖州,上海,湖州客运东站,上海沪太,30:00.0,13:30,31
大高一,湖州,上海,湖州客运东站,上海虹桥,30:00.0,13:30,31
大高一,湖州,上海,湖州客运东站,上海新,45:00.0,13:45,42
大高一,湖州,上海,湖州客运东站,上海南,15:00.0,14:15,35
大高一,湖州,上海,湖州客运东站,上海虹桥,30:00.0,14:30,24
大高一,湖州,上海,湖州客运东站,上海新,45:00.0,14:45,44
大高一,湖州,上海,湖州客运东站,上海南直快,00:00.0,15:00,31
大高一,湖州,上海,湖州客运东站,上海南,45:00.0,15:45,50
大高一,湖州,上海,湖州客运东站,上海新,55:00.0,15:55,41
大高一,湖州,上海,湖州客运东站,上海虹桥,00:00.0,16:00,48
大高一,湖州,上海,湖州客运东站,上海新,40:00.0,16:40,49
大高一,湖州,上海,湖州客运东站,上海虹桥快,50:00.0,16:50,37
大高一,湖州,上海,湖州客运东站,上海南,00:00.0,17:00,36
大高一,湖州,上海,湖州客运东站,上海南直快,40:00.0,17:40,33
大高一,湖州,上海,湖州客运东站,上海新直快,50:00.0,17:50,47
大高一,湖州,上海,湖州客运东站,上海沪太,15:00.0,18:15,38
大高一,湖州,上海,湖州客运东站,上海虹桥,15:00.0,18:15,38
大高一,湖州,上海,湖州客运东站,上海新直快,40:00.0,18:40,48
大高一,湖州,上海,湖州客运东站,上海南直快,50:00.0,18:50,44
大高一,湖州,上海,湖州客运东站,上海新直快,20:00.0,19:20,48
大高一,湖州,上海,湖州客运东站,上海虹桥快,30:00.0,19:30,35
中高一,湖州,无锡,湖州客运东站,无锡快,25:00.0,7:25,37
中高一,湖州,无锡,湖州客运东站,无锡快,55:00.0,8:55,38
中高一,湖州,无锡,湖州客运东站,无锡快,50:00.0,9:50,33
中高一,湖州,无锡,湖州客运东站,无锡快,35:00.0,11:35,33
中高一,湖州,无锡,湖州客运东站,无锡快,00:00.0,13:00,38
中高一,湖州,无锡,湖州客运东站,无锡快,35:00.0,14:35,38
中高一,湖州,无锡,湖州客运东站,无锡快,10:00.0,16:10,33
中高一,湖州,无锡,湖州客运东站,无锡快,20:00.0,17:20,32
大高一,湖州,常州,湖州客运东站,常州快,50:00.0,8:50,35
大高一,湖州,常州,湖州客运东站,常州快,50:00.0,10:50,34
大高一,湖州,常州,湖州客运东站,常州快,40:00.0,14:40,39
大高一,湖州,常州,湖州客运东站,常州快,40:00.0,15:40,36
大高一,湖州,常州,湖州客运东站,常州快,10:00.0,17:10,37
大高一,湖州,苏州,湖州客运东站,苏州巴士,00:00.0,7:00,46
大高一,湖州,苏州,湖州客运东站,苏州直快,40:00.0,7:40,36
大高一,湖州,苏州,湖州客运东站,苏州巴士,45:00.0,7:45,51
大高一,湖州,苏州,湖州客运东站,苏州巴士,30:00.0,8:30,48
大高一,湖州,苏州,湖州客运东站,苏州直快,40:00.0,8:40,35
大高一,湖州,苏州,湖州客运东站,苏州直快,20:00.0,9:20,38
大高一,湖州,苏州,湖州客运东站,苏州巴士,30:00.0,9:30,48
大高一,湖州,苏州,湖州客运东站,苏州巴士,55:00.0,10:55,51
大高一,湖州,苏州,湖州客运东站,苏州直快,20:00.0,11:20,38
大高一,湖州,苏州,湖州客运东站,苏州巴士,40:00.0,11:40,49
大高一,湖州,苏州,湖州客运东站,苏州直快,20:00.0,12:20,38
大高一,湖州,苏州,湖州客运东站,苏州巴士,10:00.0,13:10,48
大高一,湖州,苏州,湖州客运东站,苏州直快,30:00.0,13:30,37
大高一,湖州,苏州,湖州客运东站,苏州巴士,50:00.0,13:50,50
大高一,湖州,苏州,湖州客运东站,苏州巴士,45:00.0,14:45,51
大高一,湖州,苏州,湖州客运东站,苏州直快,00:00.0,15:00,38
大高一,湖州,苏州,湖州客运东站,苏州巴士,45:00.0,15:45,51
大高一,湖州,苏州,湖州客运东站,苏州直快,30:00.0,16:30,31
大高一,湖州,苏州,湖州客运东站,苏州巴士,55:00.0,16:55,48
大高一,湖州,苏州,湖州客运东站,苏州直快,00:00.0,18:00,36
大高一,湖州,苏州,湖州客运东站,苏州直快,20:00.0,10:20,0
大高一,湖州,淮安,湖州客运东站,淮安,15:00.0,9:15,30
大高一,湖州,盐城,湖州客运东站,盐城,05:00.0,6:05,47
大高一,湖州,盐城,湖州客运东站,盐城,15:00.0,13:15,49
大高一,湖州,扬州,湖州客运东站,扬州快线,15:00.0,13:15,25
大高一,湖州,镇江,湖州客运东站,镇江快线,30:00.0,8:30,32
大高一,湖州,镇江,湖州客运东站,镇江快线,55:00.0,12:55,34
大高一,湖州,泰州,湖州客运东站,泰州,50:00.0,7:50,39
大高一,湖州,泰州,湖州高铁汽车站,泰州,25:00.0,8:25,39
大高一,湖州,泰州,湖州客运东站,泰州,45:00.0,12:45,26
大高一,湖州,泰州,湖州高铁汽车站,泰州,15:00.0,13:15,26
大高二,湖州,杭州,湖州客运东站,杭州北,00:00.0,6:00,34
大高二,湖州,杭州,湖州客运东站,杭州北,20:00.0,7:20,32
大高二,湖州,杭州,湖州客运东站,杭州九堡,55:00.0,7:55,34
大高二,湖州,杭州,湖州客运东站,杭州火车东站,55:00.0,7:55,34
大高二,湖州,杭州,湖州客运东站,杭州北,35:00.0,8:35,37
大高二,湖州,杭州,湖州客运东站,杭州北,10:00.0,9:10,36
大高二,湖州,杭州,湖州客运东站,杭州北,45:00.0,9:45,36
大高二,湖州,杭州,湖州客运东站,杭州北,25:00.0,10:25,37
大高二,湖州,杭州,湖州客运东站,杭州北,10:00.0,11:10,37
大高二,湖州,杭州,湖州客运东站,杭州火车东站,40:00.0,11:40,36
大高二,湖州,杭州,湖州客运东站,杭州北,50:00.0,11:50,38
大高二,湖州,杭州,湖州客运东站,杭州北,35:00.0,12:35,38
大高二,湖州,杭州,湖州客运东站,杭州北,10:00.0,13:10,38
大高二,湖州,杭州,湖州客运东站,杭州北,50:00.0,13:50,38
大高二,湖州,杭州,湖州客运东站,杭州九堡,00:00.0,14:00,37
大高二,湖州,杭州,湖州客运东站,杭州火车东站,00:00.0,14:00,37
大高二,湖州,杭州,湖州客运东站,杭州北,35:00.0,14:35,38
大高二,湖州,杭州,湖州客运东站,杭州北,15:00.0,15:15,38
大高二,湖州,杭州,湖州客运东站,杭州北,55:00.0,15:55,38
大高二,湖州,杭州,湖州客运东站,杭州北,35:00.0,16:35,37
大高二,湖州,杭州,湖州客运东站,杭州北,10:00.0,17:10,38
大高二,湖州,杭州,湖州客运东站,杭州九堡,40:00.0,17:40,38
大高二,湖州,杭州,湖州客运东站,杭州火车东站,40:00.0,17:40,38
大高二,湖州,杭州,湖州客运东站,杭州北,50:00.0,17:50,38
大高二,湖州,杭州,湖州客运东站,杭州北,30:00.0,18:30,37
中高一,湖州,宁波,湖州客运东站,宁波中心站,49:00.0,7:49,11
中高一,湖州,宁波,湖州高铁汽车站,宁波中心站,30:00.0,8:30,15
大高一,湖州,温州,湖州高铁汽车站,温州站,15:00.0,11:15,35
大高一,湖州,绍兴,湖州高铁汽车站,绍兴快线,35:00.0,14:35,39
大高二,湖州,嘉兴,湖州客运东站,嘉兴直快,10:00.0,7:10,38
大高二,湖州,嘉兴,湖州客运东站,嘉兴直快,15:00.0,8:15,33
大高二,湖州,嘉兴,湖州客运东站,嘉兴直快,00:00.0,9:00,37
大高二,湖州,嘉兴,湖州客运东站,嘉兴直快,45:00.0,9:45,33
大高二,湖州,嘉兴,湖州客运东站,嘉兴直快,40:00.0,10:40,37
大高二,湖州,嘉兴,湖州客运东站,嘉兴直快,30:00.0,11:30,37
大高二,湖州,嘉兴,湖州客运东站,嘉兴直快,30:00.0,12:30,35
大高二,湖州,嘉兴,湖州客运东站,嘉兴直快,25:00.0,13:25,37
大高二,湖州,嘉兴,湖州客运东站,嘉兴直快,30:00.0,14:30,33
大高二,湖州,嘉兴,湖州客运东站,嘉兴直快,30:00.0,15:30,38
大高二,湖州,嘉兴,湖州客运东站,嘉兴直快,35:00.0,16:35,35
大高二,湖州,嘉兴,湖州客运东站,嘉兴直快,50:00.0,17:50,38
大高一,湖州,金华,湖州高铁汽车站,金华,40:00.0,15:40,38
大高二,湖州,合肥,湖州高铁汽车站,合肥,00:00.0,9:00,49
大高二,湖州,铜陵,湖州高铁汽车站,铜陵,40:00.0,12:40,32
大高一,湖州,池州,湖州高铁汽车站,池州,50:00.0,8:50,51
大高一,湖州,安庆,湖州高铁汽车站,安庆,50:00.0,8:50,51
中高一,湖州,宣城,湖州高铁汽车站,宣城,40:00.0,7:40,10
大高一,湖州,宣城,湖州高铁汽车站,宣城,40:00.0,11:40,37
大高一级,嘉兴,上海,嘉兴北站,上海南,15:00.0,12:15,35
大高一级,嘉兴,上海,嘉兴客运中心,上海南,45:00.0,12:45,35
大高一级,嘉兴,上海,嘉兴北站,上海南,20:00.0,18:20,35
大高一级,嘉兴,上海,嘉兴客运中心,上海南,50:00.0,18:50,35
大高一级,嘉兴,南京,嘉兴北站,南京(快),35:00.0,8:35,23
中高一级,嘉兴,南京,嘉兴北站,南京(快),20:00.0,14:20,46
中高一级,嘉兴,南京,嘉兴客运中心,南京(快),50:00.0,14:50,46
大高一级,嘉兴,无锡,嘉兴客运中心,无锡,35:00.0,7:35,34
大高一级,嘉兴,无锡,嘉兴北站,无锡,05:00.0,8:05,34
大高一级,嘉兴,无锡,嘉兴客运中心,无锡,55:00.0,8:55,34
大高一级,嘉兴,无锡,嘉兴北站,无锡,25:00.0,9:25,34
大高一级,嘉兴,无锡,嘉兴客运中心,无锡,25:00.0,10:25,33
大高一级,嘉兴,无锡,嘉兴北站,无锡,55:00.0,10:55,33
大高一级,嘉兴,无锡,嘉兴客运中心,无锡,30:00.0,11:30,32
大高一级,嘉兴,无锡,嘉兴北站,无锡,00:00.0,12:00,32
大高一级,嘉兴,无锡,嘉兴客运中心,无锡,40:00.0,13:40,38
大高一级,嘉兴,无锡,嘉兴北站,无锡,10:00.0,14:10,38
大高一级,嘉兴,无锡,嘉兴客运中心,无锡,45:00.0,14:45,37
大高一级,嘉兴,无锡,嘉兴北站,无锡,10:00.0,15:10,37
大高一级,嘉兴,无锡,嘉兴客运中心,无锡,05:00.0,16:05,33
大高一级,嘉兴,无锡,嘉兴北站,无锡,30:00.0,16:30,33
大高一级,嘉兴,无锡,嘉兴客运中心,无锡,25:00.0,17:25,32
大高一级,嘉兴,无锡,嘉兴北站,无锡,55:00.0,17:55,32
大中二级,嘉兴,徐州,嘉兴客运中心,徐州,45:00.0,6:45,40
大中二级,嘉兴,徐州,嘉兴北站,徐州,15:00.0,7:15,40
大高一级,嘉兴,徐州,嘉兴客运中心,徐州,25:00.0,16:25,41
大高一级,嘉兴,徐州,嘉兴北站,徐州,55:00.0,16:55,41
大中二级,嘉兴,常州,嘉兴客运中心,常州,15:00.0,8:15,44
大中二级,嘉兴,常州,嘉兴北站,常州,40:00.0,8:40,44
大中二级,嘉兴,常州,嘉兴北站,常州,40:00.0,13:40,20
大高二级,嘉兴,南通,嘉兴北站,南通,45:00.0,7:45,42
大高二级,嘉兴,南通,嘉兴北站,南通,45:00.0,10:45,44
大高二级,嘉兴,南通,嘉兴北站,南通,55:00.0,13:55,46
大高二级,嘉兴,南通,嘉兴北站,南通,55:00.0,16:55,40
大中一级,嘉兴,淮安,嘉兴北站,淮安,20:00.0,6:20,42
大中二级,嘉兴,淮安,嘉兴客运中心,淮安,55:00.0,7:55,48
大中二级,嘉兴,淮安,嘉兴客运中心,淮安,20:00.0,8:20,51
大中二级,嘉兴,淮安,嘉兴北站,淮安,20:00.0,8:20,48
大中二级,嘉兴,淮安,嘉兴北站,淮安,50:00.0,8:50,51
大中二级,嘉兴,淮安,嘉兴客运中心,淮安,05:00.0,16:05,52
大中二级,嘉兴,淮安,嘉兴北站,淮安,35:00.0,16:35,52
大中二级,嘉兴,盐城,嘉兴客运中心,盐城,20:00.0,6:20,50
大中二级,嘉兴,盐城,嘉兴北站,盐城,50:00.0,6:50,50
大中二级,嘉兴,盐城,嘉兴客运中心,盐城,10:00.0,7:10,46
大中二级,嘉兴,盐城,嘉兴北站,盐城,40:00.0,7:40,46
大中二级,嘉兴,盐城,嘉兴客运中心,盐城,30:00.0,12:30,39
大中二级,嘉兴,盐城,嘉兴北站,盐城,00:00.0,13:00,39
大中二级,嘉兴,盐城,嘉兴客运中心,盐城,40:00.0,13:40,50
大中二级,嘉兴,盐城,嘉兴北站,盐城,10:00.0,14:10,50
大中二级,嘉兴,扬州,嘉兴客运中心,扬州,30:00.0,7:30,31
大中二级,嘉兴,扬州,嘉兴北站,扬州,55:00.0,7:55,31
大中二级,嘉兴,扬州,嘉兴北站,扬州,10:00.0,13:10,27
大中二级,嘉兴,镇江,嘉兴北站,镇江,40:00.0,13:40,17
大中一级,嘉兴,泰州,嘉兴客运中心,泰州,40:00.0,7:40,29
大中一级,嘉兴,泰州,嘉兴北站,泰州,05:00.0,8:05,29
大中二级,嘉兴,宿迁,嘉兴客运中心,宿迁,45:00.0,6:45,40
大中二级,嘉兴,宿迁,嘉兴北站,宿迁,15:00.0,7:15,40
大中二级,嘉兴,宿迁,嘉兴客运中心,宿迁,20:00.0,8:20,51
大中二级,嘉兴,宿迁,嘉兴北站,宿迁,50:00.0,8:50,51
大中二级,嘉兴,宿迁,嘉兴客运中心,宿迁,05:00.0,16:05,52
大中二级,嘉兴,宿迁,嘉兴北站,宿迁,35:00.0,16:35,52
大高二级,嘉兴,宁波,嘉兴北站,宁波,00:00.0,7:00,17
大高二级,嘉兴,宁波,嘉兴客运中心,宁波,30:00.0,7:30,17
大高二级,嘉兴,宁波,嘉兴北站,宁波,05:00.0,8:05,17
大高二级,嘉兴,宁波,嘉兴客运中心,宁波,35:00.0,8:35,17
大中二级,嘉兴,宁波,嘉兴北站,宁波,05:00.0,9:05,36
大中二级,嘉兴,宁波,嘉兴客运中心,宁波,35:00.0,9:35,36
大高二级,嘉兴,宁波,嘉兴北站,宁波,00:00.0,10:00,18
大高二级,嘉兴,宁波,嘉兴客运中心,宁波,30:00.0,10:30,18
大高二级,嘉兴,宁波,嘉兴北站,宁波,00:00.0,11:00,18
大高二级,嘉兴,宁波,嘉兴客运中心,宁波,25:00.0,11:25,18
大高二级,嘉兴,宁波,嘉兴北站,宁波,00:00.0,12:00,38
大高二级,嘉兴,宁波,嘉兴客运中心,宁波,30:00.0,12:30,38
大高二级,嘉兴,宁波,嘉兴北站,宁波,00:00.0,13:00,17
大高二级,嘉兴,宁波,嘉兴客运中心,宁波,30:00.0,13:30,17
大高二级,嘉兴,宁波,嘉兴北站,宁波,55:00.0,13:55,13
大高二级,嘉兴,宁波,嘉兴客运中心,宁波,25:00.0,14:25,13
大中二级,嘉兴,宁波,嘉兴北站,宁波,05:00.0,15:05,37
大中二级,嘉兴,宁波,嘉兴客运中心,宁波,35:00.0,15:35,37
大高二级,嘉兴,宁波,嘉兴北站,宁波,00:00.0,16:00,16
大高二级,嘉兴,宁波,嘉兴客运中心,宁波,30:00.0,16:30,16
大高二级,嘉兴,宁波,嘉兴北站,宁波,00:00.0,17:00,17
大高二级,嘉兴,宁波,嘉兴客运中心,宁波,30:00.0,17:30,17
大高二级,嘉兴,宁波,嘉兴北站,宁波,00:00.0,18:00,38
大高二级,嘉兴,宁波,嘉兴客运中心,宁波,30:00.0,18:30,38
大高一级,嘉兴,温州,嘉兴北站,温州,05:00.0,10:05,14
大高一级,嘉兴,温州,嘉兴客运中心,温州,35:00.0,10:35,14
中中二级,嘉兴,绍兴,嘉兴北站,绍兴,25:00.0,7:25,35
中中二级,嘉兴,绍兴,嘉兴客运中心,绍兴,55:00.0,7:55,35
中中二级,嘉兴,绍兴,嘉兴北站,绍兴,30:00.0,9:30,17
中中二级,嘉兴,绍兴,嘉兴客运中心,绍兴,00:00.0,10:00,17
中中二级,嘉兴,绍兴,嘉兴北站,绍兴,45:00.0,12:45,37
中中二级,嘉兴,绍兴,嘉兴客运中心,绍兴,15:00.0,13:15,37
中中二级,嘉兴,绍兴,嘉兴北站,绍兴,15:00.0,15:15,15
中中二级,嘉兴,绍兴,嘉兴客运中心,绍兴,40:00.0,15:40,15
大高一级,嘉兴,湖州,嘉兴北站,湖州东,10:00.0,7:10,36
大高一级,嘉兴,湖州,嘉兴北站,湖州东,10:00.0,8:10,36
大高一级,嘉兴,湖州,嘉兴北站,湖州东,55:00.0,8:55,37
大高一级,嘉兴,湖州,嘉兴北站,湖州东,50:00.0,9:50,38
大高一级,嘉兴,湖州,嘉兴北站,湖州东,40:00.0,10:40,38
大高一级,嘉兴,湖州,嘉兴北站,湖州东,30:00.0,11:30,38
大高一级,嘉兴,湖州,嘉兴北站,湖州东,30:00.0,12:30,38
大高一级,嘉兴,湖州,嘉兴北站,湖州东,35:00.0,13:35,38
大高一级,嘉兴,湖州,嘉兴北站,湖州东,35:00.0,14:35,35
大高一级,嘉兴,湖州,嘉兴北站,湖州东,35:00.0,15:35,36
大高一级,嘉兴,湖州,嘉兴北站,湖州东,30:00.0,16:30,37
大高一级,嘉兴,湖州,嘉兴北站,湖州东,00:00.0,18:00,38
大中二级,嘉兴,衢州,嘉兴北站,衢州,45:00.0,6:45,47
大中二级,嘉兴,衢州,嘉兴客运中心,衢州,15:00.0,7:15,47
大中二级,嘉兴,衢州,嘉兴客运中心,衢州,00:00.0,16:00,44
大中一级,嘉兴,合肥,嘉兴客运中心,合肥,35:00.0,7:35,25
大中一级,嘉兴,合肥,嘉兴北站,合肥,05:00.0,8:05,25
大中二级,嘉兴,合肥,嘉兴北站,合肥,00:00.0,17:00,46
大普通级,嘉兴,合肥,嘉兴北站,合肥,30:00.0,6:30,0
大普通级,嘉兴,合肥,嘉兴客运中心,合肥,05:00.0,7:05,0
大中一级,嘉兴,芜湖,嘉兴客运中心,芜湖,40:00.0,6:40,37
大中一级,嘉兴,芜湖,嘉兴北站,芜湖,10:00.0,7:10,37
大高一级,嘉兴,芜湖,嘉兴北站,芜湖,40:00.0,13:40,34
大中一级,嘉兴,铜陵,嘉兴北站,铜陵,10:00.0,6:10,46
大中二级,嘉兴,铜陵,嘉兴客运中心,铜陵,15:00.0,7:15,36
大中二级,嘉兴,铜陵,嘉兴北站,铜陵,45:00.0,7:45,36
大中一级,嘉兴,铜陵,嘉兴北站,铜陵,30:00.0,8:30,45
大中二级,嘉兴,铜陵,嘉兴北站,铜陵,45:00.0,12:45,45
中普通级,嘉兴,池州,嘉兴北站,池州,55:00.0,8:55,28
大中一级,嘉兴,安庆,嘉兴北站,安庆,10:00.0,6:10,46
中中一级,嘉兴,宣城,嘉兴北站,宣城,25:00.0,6:25,26
大中一级,嘉兴,宣城,嘉兴客运中心,宣城,40:00.0,6:40,37
大中一级,嘉兴,宣城,嘉兴北站,宣城,10:00.0,7:10,37
大中二级,嘉兴,宣城,嘉兴客运中心,宣城,15:00.0,7:15,36
大中二级,嘉兴,宣城,嘉兴北站,宣城,45:00.0,7:45,36
大中一级,嘉兴,宣城,嘉兴北站,宣城,30:00.0,8:30,45
中中一级,嘉兴,宣城,嘉兴北站,宣城,25:00.0,12:25,37
大中二级,嘉兴,宣城,嘉兴北站,宣城,45:00.0,12:45,45
大高一级,嘉兴,宣城,嘉兴北站,宣城,40:00.0,13:40,34
大高二,金华,上海,金华汽车西站,上海,35:00.0,8:35,14
大高二,金华,上海,金华汽车西站,上海,20:00.0,15:20,17
大高一,金华,南京,金华汽车西站,南京,00:00.0,11:00,53
大高一,金华,无锡,金华汽车西站,无锡,35:00.0,8:35,7
大高二,金华,无锡,金华汽车西站,无锡,30:00.0,9:30,38
大高一,金华,苏州,金华汽车西站,苏州,35:00.0,8:35,7
大高二,金华,苏州,金华汽车西站,苏州,30:00.0,9:30,38
卧高一,金华,苏州,金华汽车西站,苏州,10:00.0,12:10,31
大高一,金华,苏州,金华汽车西站,苏州,50:00.0,14:50,14
卧高一,金华,南通,金华汽车西站,南通,10:00.0,12:10,31
大高一,金华,淮安,金华汽车西站,淮安,00:00.0,6:00,47
大高二,金华,盐城,金华汽车西站,盐城,30:00.0,9:30,38
中高一,金华,杭州,金华汽车西站,杭州,30:00.0,9:30,15
大高二,金华,杭州,金华汽车西站,杭州,00:00.0,15:00,28
大高二,金华,宁波,金华汽车西站,宁波,00:00.0,7:00,37
大高二,金华,宁波,金华汽车西站,宁波,00:00.0,8:00,32
大高二,金华,宁波,金华汽车西站,宁波,00:00.0,9:00,34
大高二,金华,宁波,金华汽车西站,宁波,30:00.0,10:30,34
大高二,金华,宁波,金华汽车西站,宁波,30:00.0,11:30,31
大高二,金华,宁波,金华汽车西站,宁波,00:00.0,13:00,30
大高二,金华,宁波,金华汽车西站,宁波,00:00.0,14:00,31
大高二,金华,宁波,金华汽车西站,宁波,00:00.0,15:00,34
大高二,金华,宁波,金华汽车西站,宁波,20:00.0,16:20,37
大高二,金华,宁波,金华汽车西站,宁波,20:00.0,17:20,36
大高三,金华,温州,金华汽车西站,温州,15:00.0,9:15,10
大高三,金华,温州,金华汽车西站,温州,10:00.0,14:10,18
中高二,金华,温州,金华汽车西站,温州,20:00.0,16:20,28
大高二,金华,绍兴,金华汽车西站,绍兴,50:00.0,8:50,36
大高二,金华,绍兴,金华汽车西站,绍兴,30:00.0,11:30,37
大高二,金华,绍兴,金华汽车西站,绍兴,10:00.0,14:10,30
大高二,金华,绍兴,金华汽车西站,绍兴,50:00.0,16:50,36
大高一,金华,嘉兴,金华汽车西站,嘉兴,35:00.0,8:35,7
卧高一,金华,嘉兴,金华汽车西站,嘉兴,10:00.0,12:10,31
大高一,金华,嘉兴,金华汽车西站,嘉兴,50:00.0,14:50,14
中高一,金华,衢州,金华汽车西站,衢州,10:00.0,7:10,28
中高一,金华,衢州,金华汽车西站,衢州,25:00.0,8:25,17
中高一,金华,衢州,金华汽车西站,衢州,25:00.0,10:25,19
中高一,金华,衢州,金华汽车西站,衢州,30:00.0,13:30,18
中高一,金华,衢州,金华汽车西站,衢州,30:00.0,15:30,19
大高一,金华,丽水,金华汽车西站,丽水,35:00.0,7:35,37
大高二,金华,丽水,金华汽车西站,丽水,00:00.0,9:00,34
大高一,金华,丽水,金华汽车西站,丽水,50:00.0,12:50,37
大高一,金华,丽水,金华汽车西站,丽水,20:00.0,14:20,31
大客高一,金华,池州,金华汽车南站,池州,40:00.0,11:40,14
大客高一,金华,安庆,金华汽车南站,安庆,40:00.0,11:40,14
大客高一,金华,宣城,金华汽车南站,宣城,40:00.0,11:40,14
大高一,衢州,无锡,衢州长途客运中心,无锡,30:00.0,10:30,37
大高一,衢州,无锡,衢江东站,无锡,30:00.0,10:30,37
大高一,衢州,常州,衢州长途客运中心,常州,30:00.0,10:30,37
大高一,衢州,常州,衢江东站,常州,30:00.0,10:30,37
中高一,衢州,苏州,衢州长途客运中心,苏州,35:00.0,9:35,36
中高一,衢州,苏州,衢江东站,苏州,35:00.0,9:35,37
高二级1,衢州,杭州,衢州长途客运中心,杭州西,00:00.0,7:00,33
高二级1,衢州,杭州,衢江东站,杭州西,00:00.0,7:00,38
高二级1,衢州,杭州,衢州长途客运中心,杭州西,00:00.0,9:00,37
高二级1,衢州,杭州,衢江东站,杭州西,00:00.0,9:00,38
高二级1,衢州,杭州,衢州长途客运中心,杭州西,00:00.0,11:00,38
高二级1,衢州,杭州,衢州长途客运中心,杭州西,00:00.0,13:00,34
高二级1,衢州,杭州,衢州长途客运中心,杭州西,04:00.0,14:04,37
高二级1,衢州,杭州,衢州长途客运中心,杭州西,00:00.0,15:00,31
高二级1,衢州,杭州,衢江东站,杭州西,00:00.0,15:00,33
高二级1,衢州,杭州,衢州长途客运中心,杭州西,00:00.0,18:00,36
高二级3,衢州,杭州,衢州长途客运中心,杭州南,30:00.0,8:30,0
高二级3,衢州,杭州,衢州长途客运中心,杭州中心站,30:00.0,8:30,0
高二级1,衢州,杭州,衢江东站,杭州西,30:00.0,9:30,0
大高一,衢州,宁波,衢州长途客运中心,宁波.,50:00.0,7:50,36
大高一,衢州,宁波,衢江东站,宁波.,50:00.0,7:50,39
大高一,衢州,宁波,衢州长途客运中心,宁波.,20:00.0,9:20,15
大高一,衢州,宁波,衢江东站,宁波.,20:00.0,9:20,18
大高一,衢州,宁波,衢州长途客运中心,宁波.,20:00.0,11:20,16
大高一,衢州,宁波,衢江东站,宁波.,20:00.0,11:20,18
大高一,衢州,宁波,衢州长途客运中心,宁波.,50:00.0,12:50,14
大高一,衢州,宁波,衢江东站,宁波.,50:00.0,12:50,18
大高一,衢州,宁波,衢州长途客运中心,宁波.,05:00.0,14:05,12
大高一,衢州,宁波,衢江东站,宁波.,05:00.0,14:05,13
大高一,衢州,宁波,衢州长途客运中心,宁波.,50:00.0,15:50,28
大高一,衢州,宁波,衢江东站,宁波.,50:00.0,15:50,33
大高二,衢州,温州,衢州长途客运中心,温州快客,15:00.0,8:15,17
大高二,衢州,温州,衢江东站,温州快客,15:00.0,8:15,18
大高二级,衢州,温州,衢州长途客运中心,温州,20:00.0,9:20,35
大高二级,衢州,温州,衢江东站,温州,20:00.0,9:20,35
大高二,衢州,温州,衢州长途客运中心,温州快客,58:00.0,12:58,17
大高二,衢州,温州,衢江东站,温州快客,58:00.0,12:58,19
大高二级,衢州,温州,衢州长途客运中心,温州,20:00.0,13:20,33
大高二级,衢州,温州,衢江东站,温州,20:00.0,13:20,33
大高二,衢州,温州,衢州长途客运中心,温州快客,10:00.0,14:10,6
大高二,衢州,温州,衢江东站,温州快客,10:00.0,14:10,6
大高一级7,衢州,绍兴,衢州长途客运中心,绍兴,20:00.0,9:20,15
大高一级7,衢州,绍兴,衢州长途客运中心,绍兴,20:00.0,14:20,19
大高一级7,衢州,绍兴,衢江东站,绍兴,20:00.0,14:20,20
中高一2,衢州,湖州,衢州长途客运中心,湖州,20:00.0,9:20,18
中高一2,衢州,湖州,衢江东站,湖州,20:00.0,9:20,18
大高一,衢州,湖州,衢州长途客运中心,湖州,30:00.0,10:30,37
大高一,衢州,湖州,衢江东站,湖州,30:00.0,10:30,37
中高一,衢州,嘉兴,衢州长途客运中心,嘉兴,35:00.0,9:35,36
中高一,衢州,嘉兴,衢江东站,嘉兴,35:00.0,9:35,37
大高一级,衢州,金华,衢州长途客运中心,金华,05:00.0,7:05,36
大高一级,衢州,金华,衢江东站,金华,05:00.0,7:05,36
中高一,衢州,金华,衢州长途客运中心,金华快,25:00.0,8:25,19
中高一,衢州,金华,衢江东站,金华快,25:00.0,8:25,19
大高一级,衢州,金华,衢州长途客运中心,金华,38:00.0,8:38,37
大高一级,衢州,金华,衢江东站,金华,38:00.0,8:38,38
大高二级2,衢州,金华,衢州长途客运中心,金华快,25:00.0,10:25,17
大高二级2,衢州,金华,衢江东站,金华快,25:00.0,10:25,17
大高二级2,衢州,金华,衢州长途客运中心,金华,20:00.0,12:20,45
大高二级2,衢州,金华,衢江东站,金华,20:00.0,12:20,45
中高一,衢州,金华,衢州长途客运中心,金华快,30:00.0,13:30,19
中高一,衢州,金华,衢江东站,金华快,30:00.0,13:30,19
大高二级2,衢州,金华,衢州长途客运中心,金华快,30:00.0,15:30,18
大高二级2,衢州,金华,衢江东站,金华快,30:00.0,15:30,18
大高一级,衢州,金华,衢江东站,金华,58:00.0,12:58,0
中中二级,衢州,丽水,衢州长途客运中心,丽水,55:00.0,8:55,17
中中二级,衢州,丽水,衢江东站,丽水,55:00.0,8:55,17
大高二级,衢州,丽水,衢江东站,丽水,20:00.0,9:20,35
大高二级,衢州,丽水,衢州长途客运中心,丽水,20:00.0,13:20,0
